<ihhordes>
	<append xpath="/entitygroups">
		<entitygroup name="IHZombiesAllFeral">
			<entity name="zombieSpiderFeral"/>
			<entity name="zombieBoeFeral"/>
			<entity name="zombieJoeFeral"/>
			<entity name="zombieSteveFeral"/>
			<entity name="zombieMoeFeral"/>
			<entity name="zombieYoFeral"/>
			<entity name="zombieBusinessManFeral"/>
			<entity name="zombieArleneFeral"/>
			<entity name="zombieDarleneFeral"/>
			<entity name="zombieMarleneFeral"/>
			<entity name="zombieNurseFeral"/>
			<entity name="zombieFatHawaiianFeral"/>
			<entity name="zombieSteveCrawlerFeral"/>
			<entity name="zombieFemaleFatFeral"/>
			<entity name="zombieJanitorFeral"/>
			<entity name="zombieLabFeral"/>
		</entitygroup>
		
		<entitygroup name="IHZombiesAllRadiated">
			<entity name="zombieSpiderRadiated"/>
			<entity name="zombieBoeRadiated"/>
			<entity name="zombieJoeRadiated"/>
			<entity name="zombieSteveRadiated"/>
			<entity name="zombieMoeRadiated"/>
			<entity name="zombieYoRadiated"/>
			<entity name="zombieArleneRadiated"/>
			<entity name="zombieDarleneRadiated"/>
			<entity name="zombieMarleneRadiated"/>
			<entity name="zombieSkateboarderRadiated"/>
			<entity name="zombieFemaleFatRadiated"/>
			<entity name="zombieJanitorRadiated"/>
			<entity name="zombieLabRadiated"/>
		</entitygroup>
	</append>
</ihhordes>